{
	"description": "项目配置文件",
	"packOptions": {
		"ignore": []
	},
	"setting": {
		"urlCheck": false,
		"es6": true,
		"postcss": true,
		"minified": true,
		"newFeature": true
	},
	"compileType": "miniprogram",
	"libVersion": "2.4.0",
	"appid": "wx1b522990ac92e953",
	"projectname": "%E7%BE%8E%E7%9A%84%E5%B0%8F%E7%A8%8B%E5%BA%8F",
	"debugOptions": {
		"hidedInDevtools": []
	},
	"isGameTourist": false,
	"condition": {
		"search": {
			"current": -1,
			"list": []
		},
		"conversation": {
			"current": -1,
			"list": []
		},
		"plugin": {
			"current": -1,
			"list": []
		},
		"game": {
			"currentL": -1,
			"list": []
		},
		"miniprogram": {
			"current": 6,
			"list": [
				{
					"id": -1,
					"name": "海报制作",
					"pathName": "pages/poster/poster",
					"query": ""
				},
				{
					"id": -1,
					"name": "海报制作(详情)",
					"pathName": "pages/posterdetail/posterdetail",
					"query": ""
				},
				{
					"id": 2,
					"name": "选择图片",
					"pathName": "pages/selectLogo/selectLogo",
					"query": ""
				},
				{
					"id": -1,
					"name": "编辑文字",
					"pathName": "pages/editor/editor",
					"query": ""
				},
				{
					"id": -1,
					"name": "制作海报(提交成功)",
					"pathName": "pages/poster-results/poster-results",
					"query": ""
				},
				{
					"id": -1,
					"name": "美的小工具(我的)",
					"pathName": "pages/my/my",
					"query": ""
				},
				{
					"id": -1,
					"name": "美的小工具(下载)",
					"pathName": "pages/downloadposter/downloadposter"
				}
			]
		}
	}
}